artiest;titel;soort;jaar;label;catalogusnummer;persing;vraagprijs;advies;foto's;discogs
ABBA;Head Over Heels / The Visitors;single;1982;Vogue;101608;France;3.0;los of lot;"IMG20260913170004.jpg;IMG20260913170020.jpg";https://www.discogs.com/release/718468
ABBA;One Of Us;single;1981;Polydor;2002 113;Netherlands;;zeer courant, in een lot;"IMG20260913170039.jpg;IMG20260913170044.jpg";https://www.discogs.com/release/1098743
ABBA;Under Attack / You Owe Me One;single;1982;Vogue;101718;France;3.0;los of lot;"IMG20260913170059.jpg;IMG20260913170109.jpg";https://www.discogs.com/release/793027
Adamo;Le Disque D'Or De Salvatore Adamo;LP;1972;La Voix De Son Maître;2C 064-16048;France;5.0;los of lot;"IMG20260913170353.jpg;IMG20260913170359.jpg";https://www.discogs.com/release/1516673
Adriano Celentano;Si Tu Travailles, On Fait L'amour = Chi Non Lavora Non Fa L'amore;single;1970;Disques Vogue, Clan Celentano;INT. 80232;France;3.0;los of lot;"IMG20260913165017.jpg;IMG20260913165026.jpg";https://www.discogs.com/release/3527284
Alain Barrière;Tu T'en Vas / Un Poete;single;1975;Albatros;ALB 10.118;France;;zeer courant, in een lot;"IMG20260913165937.jpg;IMG20260913165941.jpg";https://www.discogs.com/release/1171792
Alain Chamfort;Je Pense A Elle, Elle Pense A Moi;single;1973;Disques Flèche;6061 187;France;3.0;los of lot;"IMG20260913164646.jpg;IMG20260913164650.jpg";https://www.discogs.com/release/3334398
André Hazes;Met Liefde;LP;1982;EMI;1A 068-26853;Netherlands;5.0;los of lot;"IMG20260913161115.jpg;IMG20260913161133.jpg";https://www.discogs.com/release/908758
André Hazes;Met Liefde;LP;1982;EMI;1A 068-26853;Netherlands;5.0;los of lot;"IMG20260913161142.jpg;IMG20260913161156.jpg;IMG20260913161203.jpg";https://www.discogs.com/release/908758
Anita Meyer;Shades Of Desire;LP;1981;Ariola, Ariola;203.935;Netherlands;5.0;los of lot;"IMG20260913163958.jpg;IMG20260913164007.jpg";https://www.discogs.com/release/1906340
Anne-Marie David;Tu Te Reconnaitras;single;1973;Epic, Epic;EPC 1353;France;3.0;los of lot;"IMG20260913164800.jpg;IMG20260913164805.jpg";https://www.discogs.com/release/1572418
Anthony Quinn;My Forgotten Years;single;;Disques Markal;AA 702;Belgium;3.0;los of lot;"IMG20260913165331.jpg;IMG20260913165340.jpg";https://www.discogs.com/release/5170520
Barbra Streisand;Woman In Love;single;1980;CBS, CBS;CBS 8966;Europe;;zeer courant, in een lot;"IMG20260913165756.jpg;IMG20260913165803.jpg";https://www.discogs.com/release/539484
Barry White;Barry White's Greatest Hits;LP;1984;Casablanca;6463 154;Netherlands;6.5;los of lot;"IMG20260913163622.jpg;IMG20260913163626.jpg;IMG20260913163634.jpg";https://www.discogs.com/release/903950
Barry White, Love Unlimited, Love Unlimited Orchestra;Grand Gala;LP;1973;Philips;6830 169;Netherlands;5.0;los of lot;"IMG20260913161415.jpg;IMG20260913161425.jpg";https://www.discogs.com/release/583091
Bobby Vinton;The Very Best Of Bobby Vinton;LP;1982;Arcade Records (3);ADEH 99;Netherlands;5.0;los of lot;"IMG20260913161046.jpg;IMG20260913161056.jpg";https://www.discogs.com/release/5149189
Carmen Cavallaro;The Eddy Duchin Story;LP;1974;Coral;COPS 1262;Italy;5.0;los of lot;"IMG20260913162431.jpg;IMG20260913162438.jpg";https://www.discogs.com/release/1942885
Change;Change Of Heart;LP;1984;WEA, WEA;240 439-1;UK & Europe;6.0;los of lot;"IMG20260913163846.jpg;IMG20260913163851.jpg";https://www.discogs.com/release/158404
Charles Aznavour;Les Plaisirs Démodés / Me Voilà Seul;single;1972;Barclay;61.569;France;3.0;los of lot;"IMG20260913164943.jpg;IMG20260913164949.jpg";https://www.discogs.com/release/809997
Charles Aznavour;The Old Fashioned Way;single;1973;Barclay, Barclay;61.751;France;;zeer courant, in een lot;"IMG20260913164923.jpg;IMG20260913164928.jpg";https://www.discogs.com/release/1295509
Corinne Hermès;Si La Vie Est Cadeau;single;1983;Saban Records;811 601-7;France;3.0;los of lot;"IMG20260913164748.jpg;IMG20260913164752.jpg";https://www.discogs.com/release/2474388
Corry Konings;Net Als Vroeger;LP;1983;Philips;814 525-1;Netherlands;5.0;los of lot;"IMG20260913163146.jpg;IMG20260913163153.jpg";https://www.discogs.com/release/732419
Daniel Guichard;La Tendresse;LP;1973;Barclay;80486;France;5.0;los of lot;"IMG20260913170417.jpg;IMG20260913170430.jpg";https://www.discogs.com/release/7582896
Daniel Guichard;La Tendresse;LP;1973;Barclay;80486;France;5.0;los of lot;"IMG20260913170436.jpg;IMG20260913170457.jpg";https://www.discogs.com/release/7582896
Demis Roussos;Mes Succès;LP;1977;Philips;9199 534;Netherlands;5.0;los of lot;"IMG20260913162532.jpg;IMG20260913162537.jpg;IMG20260913162602.jpg;IMG20260913162612.jpg";https://www.discogs.com/release/1557775
Demis Roussos;My Only Fascination;LP;1974;Philips;6325 094;France;5.0;los of lot;"IMG20260913162456.jpg;IMG20260913162502.jpg";https://www.discogs.com/release/2910327
Diana Ross;Why Do Fools Fall In Love;LP;1981;Capitol Records, Capitol Records;1A 064-86441;Europe;;zeer courant, in een lot;"IMG20260913161519.jpg;IMG20260913161557.jpg;IMG20260913161610.jpg";https://www.discogs.com/release/489036
Engelbert Humperdinck;Träumen Mit Engelbert;LP;1986;Ariola, Ariola;207 865;Europe;5.0;los of lot;"IMG20260913163756.jpg;IMG20260913163812.jpg";https://www.discogs.com/release/691764
Frank Michael;Je Ne Peux Vivre Sans Toi / Viens, Partons Petite Fille;single;1973;RCA Victor;74-16247;Belgium;3.0;los of lot;"IMG20260913164408.jpg;IMG20260913164431.jpg";https://www.discogs.com/release/1296278
Frank Michael;Ma Joie De Vivre / On S'aime Vraiment;single;1974;RCA Victor, RCA Victor;YBPB O.406;Belgium;3.0;los of lot;"IMG20260913164445.jpg;IMG20260913164450.jpg";https://www.discogs.com/release/771594
Frank Sinatra;All The Way;LP;1984;Capitol Records, Capitol Records;1A 038-26 0179 1;Netherlands;13.5;los verkopen;"IMG20260913163713.jpg;IMG20260913163718.jpg";https://www.discogs.com/release/7756034
Frédéric Chopin;In Brillanter Interpretation;LP;;Deutsche Grammophon;135 013;Germany;5.0;los of lot;"IMG20260913170620.jpg;IMG20260913170627.jpg";https://www.discogs.com/release/5037779
Frédéric Chopin, Witold Malcuzynsky;14 Walsen;LP;;Emi-nent;5C 045-00 495;Netherlands;5.0;los of lot;"IMG20260913170601.jpg;IMG20260913170607.jpg";https://www.discogs.com/release/8829186
Gene Pitney;Emotions;LP;1986;K-Tel (Holland) B.V.;KTLP 230-1;Netherlands;5.0;los of lot;"IMG20260913163229.jpg;IMG20260913163234.jpg;IMG20260913163245.jpg";https://www.discogs.com/release/3788224
Gene Pitney;His 20 Greatest;LP;1976;Arcade Records (3), Arcade Records (3);ADE P22;UK;5.0;los of lot;"IMG20260913163734.jpg;IMG20260913163739.jpg";https://www.discogs.com/release/705868
George McCrae;Rock Your Baby;LP;1974;RCA Victor, RCA Victor;KPL1-0501;Germany;;zeer courant, in een lot;"IMG20260913162716.jpg;IMG20260913162722.jpg";https://www.discogs.com/release/222189
Gerard Joling;Love Is In Your Eyes;LP;1985;WEA, YaYa Records (2);240 749-1;Netherlands;5.0;los of lot;"IMG20260913163554.jpg;IMG20260913163606.jpg;IMG20260913163611.jpg";https://www.discogs.com/release/7133335
Gianni Marzano;Mal D'amour;single;1977;Vogue, Vogue;45. VB. 140.310;France;3.0;los of lot;"IMG20260913165039.jpg;IMG20260913165043.jpg";https://www.discogs.com/release/748538
Gilbert O'Sullivan;Himself;LP;1971;MAM;MAMA 501;Germany;5.0;los of lot;"IMG20260913162345.jpg;IMG20260913162355.jpg;IMG20260913162410.jpg";https://www.discogs.com/release/808253
Gloria Gaynor;Never Can Say Goodbye;LP;1975;MGM Records;2315 321;Germany;;zeer courant, in een lot;"IMG20260913160630.jpg;IMG_20260913_160652.jpg";https://www.discogs.com/release/466488
Herb Alpert & The Tijuana Brass;...Sounds Like...;LP;1967;A&M Records, A&M Records;212 001;Germany;5.0;los of lot;"IMG20260913160904.jpg;IMG20260913160913.jpg";https://www.discogs.com/release/1903233
Hervé Vilard;Elle Etait Belle;single;1974;Trema, Trema;49 058;France;3.0;los of lot;"IMG20260913164352.jpg;IMG20260913164358.jpg";https://www.discogs.com/release/2578822
Jean Vallée;L'Amour Ça Fait Chanter La Vie (Sélection Eurovision 78);single;1978;CBS;CBS 6257;France;3.0;los of lot;"IMG20260913164727.jpg;IMG20260913164733.jpg";https://www.discogs.com/release/4587661
Joaquín Rodrigo, Orquesta Nacional De España, Ataúlfo Argenta, Rafael Frühbeck De Burgos, Narciso Yepes;Concierto De Aranjuez - Fantasia Para Un Gentilhombre;single;1954;Ace Of Diamonds;SDD 220;France;4.5;los of lot;"IMG20260913163331.jpg;IMG20260913163337.jpg";https://www.discogs.com/release/5407756
Joe Dolan;Lady In Blue;single;1975;Pye Records, Pye Records;45 PY.12124;France;;zeer courant, in een lot;"IMG20260913165216.jpg;IMG20260913165225.jpg";https://www.discogs.com/release/1014092
Julio Iglesias;24 Exitos De Oro;LP;1979;CBS;S 88454;Spain;6.0;los of lot;"IMG20260913162817.jpg;IMG20260913162823.jpg;IMG20260913162836.jpg";https://www.discogs.com/release/916443
Julio Iglesias;Aimer La Vie... Canta En Frances;LP;1982;CBS;S 82854;Spain;;geen marktdata - zelf bekijken;"IMG20260913162056.jpg;IMG20260913162103.jpg";https://www.discogs.com/release/18000364
Julio Iglesias;Emociones;LP;1979;CBS, CBS;CBS 83703;Netherlands;5.0;los of lot;"IMG20260913162033.jpg;IMG20260913162038.jpg";https://www.discogs.com/release/850689
Julio Iglesias;Fidèle;LP;1981;CBS;CBS 85066;Europe;5.0;los of lot;"IMG20260913162304.jpg;IMG20260913162310.jpg";https://www.discogs.com/release/788488
Julio Iglesias;Hey!;LP;1980;CBS, CBS;CBS 84304;Europe;5.0;los of lot;"IMG20260913163442.jpg;IMG20260913163448.jpg";https://www.discogs.com/release/934332
Julio Iglesias;Sentimental;LP;1980;CBS;CBS 84357;Europe;5.0;los of lot;"IMG20260913162011.jpg;IMG20260913162019.jpg";https://www.discogs.com/release/2323006
Julio Iglesias;The 24 Greatest Songs;LP;1979;CBS, CBS;CBS 88469;Netherlands;5.0;los of lot;"IMG20260913162120.jpg;IMG20260913162126.jpg;IMG20260913162152.jpg";https://www.discogs.com/release/552918
Lange Jojo;Hij Dansde De French Can Can;single;1973;Vogue;VB. 297;Belgium;3.0;los of lot;"IMG20260913165108.jpg;IMG20260913165113.jpg";https://www.discogs.com/release/4035126
Lee Towers;New York;LP;1982;Ariola, Ariola;204.867;Europe;5.0;los of lot;"IMG20260913161310.jpg;IMG20260913161345.jpg";https://www.discogs.com/release/1029942
Leonard Bernstein, Kiri Te Kanawa, José Carreras, Tatiana Troyanos, Kurt Ollmann, Marilyn Horne;West Side Story;LP;1985;Deutsche Grammophon;415 253-1;Germany;;zeer courant, in een lot;"IMG20260913164219.jpg;IMG20260913164225.jpg;IMG20260913164246.jpg;IMG20260913164259.jpg";https://www.discogs.com/release/869619
Lime (2);Your Love / Agent 406;maxi;1981;Polydor;2141 421;Belgium;5.0;los of lot;"IMG20260913162647.jpg;IMG20260913162654.jpg";https://www.discogs.com/release/1162070
Lucio Battisti;Ancora Tu Greatest Hits;LP;1977;Numero Uno;PL 34007;Germany;5.0;los of lot;"IMG20260913170711.jpg;IMG20260913170717.jpg";https://www.discogs.com/release/539634
Mario Lanza;The Student Prince;LP;1960;RCA Victor Red Seal, RCA Victor Red Seal;LSC-2339;US;5.0;los of lot;"IMG20260913163424.jpg;IMG20260913163429.jpg";https://www.discogs.com/release/5475331
Mario Molino;I Sogni Del Mare;single;;Arcade Records;ARC 5124;Belgium;3.0;los of lot;"IMG20260913164331.jpg;IMG20260913164336.jpg";https://www.discogs.com/release/25271869
Marv Johnson;I Miss You Baby (How I Miss You);single;1969;Tamla Motown;5C 006-90735 M;Netherlands;64.5;los verkopen;"IMG20260913165310.jpg;IMG20260913165319.jpg";https://www.discogs.com/release/10237667
Matt Monro;Alguien Cantó;single;1968;Capitol Records;CSL 2318;Spain;3.0;los of lot;"IMG20260913165003.jpg;IMG20260913165006.jpg";https://www.discogs.com/release/6417251
Michael Jackson;The Best Of Michael Jackson - The Motown Years;LP;1981;Motown, Vogue;523031;France & Benelux;5.0;los of lot;"IMG20260913165923.jpg;IMG20260913165927.jpg";https://www.discogs.com/release/450571
Michel Leeb;Le Tombeur;single;1986;Philips;884 636-7;France;3.0;los of lot;"IMG20260913164516.jpg;IMG20260913164551.jpg";https://www.discogs.com/release/4282680
Michel Sardou;20 Chansons D'or;LP;1980;Trema, Trema;310082/83;France;5.0;los of lot;"IMG20260913170640.jpg;IMG20260913170645.jpg;IMG20260913170653.jpg";https://www.discogs.com/release/2793322
Nicole Croisille;Femme...;LP;1975;Spot (2);ST 69 637;France;5.0;los of lot;"IMG20260913170239.jpg;IMG20260913170244.jpg;IMG20260913170300.jpg";https://www.discogs.com/release/5698637
Pablito Y Sus Trovadores Paraguayos;Pablito Y Sus Trovadores Paraguayos;LP;;Palobal;LP 4099;Spain;5.0;los of lot;"IMG20260913163409.jpg;IMG20260913163413.jpg";https://www.discogs.com/release/7932006
Peter Nero, Mike Di Napoli;Starring Peter Nero, Also Featuring The Magic Rhythms Of Mike DiNapoli;LP;1970;Deacon Records;DEA 1017;UK;5.0;los of lot;"IMG20260913161700.jpg;IMG20260913161710.jpg";https://www.discogs.com/release/2773281
Philippe Lavil;Il Tape Sur Des Bambous;single;1982;RCA Victor;PB 8926;France;3.0;los of lot;"IMG20260913164627.jpg;IMG20260913164631.jpg";https://www.discogs.com/release/2196408
Pino Massara;Margherita;maxi;1979;Fleet;600.146;Netherlands;5.0;los of lot;"IMG20260913170138.jpg;IMG20260913170143.jpg";https://www.discogs.com/release/198458
Ralph Clouds, Sophie Blaede, Gérard Pochonet And His Orchestra;Tous Les Garçons Et Les Filles / L'idole Des Jeunes;single;1963;Panorama (4);17.335;France;16.5;los verkopen;"IMG20260913164838.jpg;IMG20260913164845.jpg";https://www.discogs.com/release/6985104
Ringo Starr;Ringo's Rotogravure;LP;1976;Polydor;2310 473;Germany;5.0;los of lot;"IMG20260913163646.jpg;IMG20260913163651.jpg;IMG20260913163702.jpg";https://www.discogs.com/release/8411037
Sam Cooke;The Man And His Music;LP;1986;RCA;PL 87127(2);Europe;5.0;los of lot;"IMG20260913161839.jpg;IMG20260913161846.jpg;IMG20260913161905.jpg";https://www.discogs.com/release/671832
Shirley Bassey;Something;LP;1970;United Artists Records, United Artists Records;UAS 29100;France;7.5;los of lot;"IMG20260913161928.jpg;IMG20260913161940.jpg";https://www.discogs.com/release/11512170
Shirley Bassey;The Shirley Bassey Collection;LP;1972;United Artists Records;5C184-93 614/15;Netherlands;5.0;los of lot;"IMG20260913162736.jpg;IMG20260913162742.jpg;IMG20260913162754.jpg";https://www.discogs.com/release/8012748
Slade;The Bangin' Man;single;1974;Polydor;2058 492;Belgium;3.0;los of lot;"IMG20260913170151.jpg;IMG20260913170154.jpg";https://www.discogs.com/release/3272477
Stars On 45;Proudly Presents The Star Sisters;single;1983;CNR Records;142.004;Netherlands;;zeer courant, in een lot;"IMG20260913165852.jpg;IMG20260913165857.jpg";https://www.discogs.com/release/1004085
Taco;Singin' In The Rain;single;1982;RCA Victor;PB 69009;Belgium;3.0;los of lot;"IMG20260913170207.jpg;IMG20260913170215.jpg";https://www.discogs.com/release/2378740
The Jacksons;Triumph;LP;1980;Epic, Epic;EPC 86112;Europe;7.0;los of lot;"IMG20260913165910.jpg;IMG20260913165915.jpg";https://www.discogs.com/release/647347
The Professionals (8);Falling In And Out Of Love;LP;1984;W.B. Sound;WBS 5034;Belgium;5.0;los of lot;"IMG20260913160841.jpg;IMG20260913160850.jpg";https://www.discogs.com/release/1386866
The Temptations;Masterpiece;single;1973;Tamla Motown, Tamla Motown;4 C006-94223;Belgium;3.0;los of lot;"IMG20260913165153.jpg;IMG20260913165158.jpg";https://www.discogs.com/release/1622829
Time Bandits;Endless Road (And I Want You To Know My Love);single;1985;CBS;CBSA 6233;Netherlands;3.0;los of lot;"IMG20260913165949.jpg;IMG20260913165954.jpg";https://www.discogs.com/release/1261452
Timi Yuro;This Is Timi Yuro - Hurt And Smile;LP;;Sunset Records, Sunset Records;5D 128-52695/6;Netherlands;5.0;los of lot;"IMG20260913161218.jpg;IMG20260913161226.jpg;IMG20260913161238.jpg";https://www.discogs.com/release/4724619
Tino Rossi;La Vie Commence A 60 Ans.;LP;1980;Columbia, Columbia;2C 068 - 15.647;France;5.0;los of lot;"IMG20260913163124.jpg;IMG20260913163130.jpg";https://www.discogs.com/release/2725343
Tom Jones;20 Greatest Hits;LP;1974;Decca, Decca;TJD 1/1;Italy;8.5;los verkopen;"IMG20260913162901.jpg;IMG20260913162909.jpg;IMG20260913162916.jpg";https://www.discogs.com/release/12800463
Tom Jones;From The Heart;LP;1966;Decca, Decca;LK 4814;UK;5.0;los of lot;"IMG20260913163353.jpg;IMG20260913163359.jpg";https://www.discogs.com/release/1253473
Tom Jones;Green, Green Grass Of Home;LP;1967;Decca;SLK 16 464-P;Germany;5.0;los of lot;"IMG20260913163057.jpg;IMG20260913163108.jpg";https://www.discogs.com/release/403740
Tom Jones;Help Yourself;LP;1968;Decca;SLK 16 571-P;Germany;5.0;los of lot;"IMG20260913162956.jpg;IMG20260913163003.jpg";https://www.discogs.com/release/2614903
Tom Jones;Tom Jones Sings She's A Lady;LP;1971;Decca, Decca;SLK 16 714-P;Germany;5.0;los of lot;"IMG20260913163018.jpg;IMG20260913163032.jpg;IMG20260913163038.jpg";https://www.discogs.com/release/3720615
Various;Ciao Italia;LP;1988;EVA, EVA Columbia;303.347;Europe;5.0;los of lot;"IMG20260913163930.jpg;IMG20260913163937.jpg;IMG20260913163945.jpg";https://www.discogs.com/release/1858663
Various;Gouden Uren;LP;1980;Arcade;ADEH 67;Netherlands;5.0;los of lot;"IMG20260913170738.jpg;IMG20260913170743.jpg;IMG20260913170751.jpg";https://www.discogs.com/release/3924718
Various;That's Soul 8;LP;1972;Polydor;2484 053;Netherlands;5.0;los of lot;"IMG20260913161751.jpg;IMG20260913161759.jpg";https://www.discogs.com/release/2364569
Various;The 12 Best;LP;;BASF;12.29257.6;Belgium;7.0;los of lot;"IMG20260913164200.jpg;IMG20260913164205.jpg";https://www.discogs.com/release/5446259
Various;Woman In Love;LP;1980;Crown (6), Crown (6);ADEH 71;Netherlands;5.0;los of lot;"IMG20260913164117.jpg;IMG20260913164123.jpg;IMG20260913164143.jpg";https://www.discogs.com/release/615067
Various;Woman In Love Volume 2;LP;1981;Arcade, Arcade;ADEH 83;Netherlands;5.0;los of lot;"IMG20260913164044.jpg;IMG20260913164054.jpg;IMG20260913164102.jpg";https://www.discogs.com/release/1689144
Vikki Carr;It Must Be Him;LP;;Liberty, Liberty;4 C058-90264;Belgium;5.0;los of lot;"IMG20260913160800.jpg;IMG20260913160815.jpg";https://www.discogs.com/release/6265083
Will Ferdy, Trio Paul Dumont;In Levende Lijve;LP;;Distridisc;0125-140;Belgium;14.5;los verkopen;"IMG20260913163906.jpg;IMG20260913163911.jpg";https://www.discogs.com/release/11995442
